<?xml version="1.0" encoding="utf-8"?>
<window type="dialog" id="1145">
	<defaultcontrol>1999</defaultcontrol>
	<coordinates>
		<left>0</left>
		<top>0</top>
	</coordinates>
	<controls>
		<control type="image">
			<include>fullscreenimage</include>
			<texture colordiffuse="mask-background">background-mask.png</texture>
			<aspectratio>scale</aspectratio>
		</control>
		<control type="panel" id="1999">
			<centerleft>50%</centerleft>
			<centertop>51%</centertop>
			<width>540</width>
			<height>350</height>
			<onleft>Close</onleft>
			<onright>Close</onright>
			<aligny>top</aligny>
			<itemlayout width="540" height="75">
				<control type="label">
					<centerleft>50%</centerleft>
					<align>center</align>
					<top>20</top>
					<width>540</width>
					<height>36</height>
					<font>ctouch22</font>
					<label>$INFO[ListItem.Label]</label>
				</control>
			</itemlayout>
			<focusedlayout width="540" height="75">
				<control type="image">
					<left>0</left>
					<top>0</top>
					<width>540</width>
					<height>75</height>
					<texture border="9" colordiffuse="$VAR[AccentColor]">button-default-white.png</texture>
				</control>
				<control type="label">
					<centerleft>50%</centerleft>
					<align>center</align>
					<top>20</top>
					<width>540</width>
					<height>36</height>
					<font>ctouch22</font>
					<label>$INFO[ListItem.Label]</label>
				</control>
			</focusedlayout>
			<content>
				<item>
					<label>Instalar PVR</label>
					<onclick>Dialog.Close(all)</onclick>
					<onclick condition="!System.HasAddon(pvr.iptvsimple)">InstallAddon(pvr.iptvsimple)</onclick>
					<onclick>Skin.SetBool(pvr)</onclick>
				</item>
			</content>
		</control>
	</controls>
</window>