  <?xml version="1.0" encoding="utf-8"?>
<window type="dialog" id="1146">
	<include>Animation_DialogPopupOpenClose</include>
	<coordinates>
		<left>0</left>
		<top>0</top>
	</coordinates>
	<onunload>Skin.SetBool(m1)</onunload>
	<controls>
		<control type="group">
			<left>735</left>
			<top>225</top>
			<include content="DialogBackgroundCommons">
				<param name="width" value="450" />
				<param name="height" value="455" />
				<param name="header_label" value="Context menu" />
				<param name="header_id" value="" />
				<param name="diffusetexture" value="masks/addons.png" />
			</include>
		<control type="group">
			<centerleft>50%</centerleft>
			<width>750</width>
			<top>100</top>
			<height>1080</height>
			<control type="group">
				<onright>Dialog.close</onright>
				<onleft>Dialog.close</onleft>
				<onup>Dialog.close</onup>
				<ondown>Dialog.close</ondown>
				<control type="textbox">
					<top>260</top>
					<width>750</width>
					<height max="500">auto</height>
					<autoscroll>false</autoscroll>
					<align>justify</align>
					<top>100</top>
					<font>font14</font>
					<label>Tienes que ir a OPCIONES y pulsar en ACTUALIZAR PACK.[CR]
Ahora solo te saldrá una opción INSTALAR. Pulsa e instala para seguir recibiendo actualizaciones.</label>
				</control>
			</control>
		</control>
	</controls>
</window>