<?xml version="1.0" encoding="UTF-8" standalone="yes"?>
<addon id="script.tringulis" name="Tringulis" version="1.0" provider-name="tringulis">
    <requires>
        <import addon="xbmc.python" version="3.0.0" />
        <import addon="resource.language.es_es" />
        <import addon="script.module.requests" />
        <import addon="script.module.six" />
    </requires>
    
    <extension point="xbmc.python.pluginsource" library="default.py">
        <provides>executable</provides>
    </extension>
	    
    <extension point="xbmc.service" library="startup.py" start="startup" />
    
    <extension point="xbmc.addon.metadata">
    <summary lang="en">Tringulis</summary>
    <description lang="en">tringulis</description>
        <platform>all</platform>
        <reuselanguageinvoker>false</reuselanguageinvoker>
        

        <assets>
            <icon>icon.png</icon>
            <fanart>fanart.jpg</fanart>
        </assets>
    </extension>
</addon>



