<playercorefactory>
<players>
<player name="Web Video Caster" type="ExternalPlayer" audio="false" video="true">
<filename>com.instantbits.cast.webvideo</filename>
<hidexbmc>true</hidexbmc>
<playcountminimumtime>120</playcountminimumtime>
</player>

</players>
<rules action="prepend">
<rule protocols="smb" player="DefaultPlayer" />
<rule dvdimage="true" player="DefaultPlayer"/>
<rule protocols="rtmp" player="DefaultPlayer"/>
<rule protocols="rtsp" player="DefaultPlayer" />
<rule protocols="sop" player="DefaultPlayer" />
<rule internetstream="true" player="DefaultPlayer" />
<rule video="true" player="DefaultPlayer"/>
</rules>
</playercorefactory>